-- 1. Faculties
INSERT INTO "Faculty" ("FacultyName") VALUES
('Факультет Информатики'),
('Факультет Математики'),
('Факультет Физики');

-- 2. Groups
INSERT INTO "Groups" ("GroupName" , "CourseYear") VALUES
('ТРП-3-21', 2021),
('ТРП-2-21', 2021),
('ТРП-1-21', 2021);

-- 3. Subjects
INSERT INTO "Subjects" ("SubjectName") VALUES
('Математика'),
('Физика'),
('Информатика'),
('История'),
('Философия'),
('Английский язык'),
('Алгоритмы'),
('Базы данных'),
('Операционные системы'),
('Программирование');

-- Преподаватели
INSERT INTO "Users" ("Role", "Email", "Password", "CreatedAt") VALUES
('Teacher', 'teacher1@example.com', '$2a$11$Z/W0jRI/9IZsHgXuUDiKTOfZ2wDHS2WnX/uRegI9GLWCtqMhdR1wO', now()),
('Teacher', 'teacher2@example.com', '$2a$11$Z/W0jRI/9IZsHgXuUDiKTOfZ2wDHS2WnX/uRegI9GLWCtqMhdR1wO', now()),
('Teacher', 'teacher3@example.com', '$2a$11$Z/W0jRI/9IZsHgXuUDiKTOfZ2wDHS2WnX/uRegI9GLWCtqMhdR1wO', now()),
('Teacher', 'teacher4@example.com', '$2a$11$Z/W0jRI/9IZsHgXuUDiKTOfZ2wDHS2WnX/uRegI9GLWCtqMhdR1wO', now());

-- Студенты
INSERT INTO "Users" ("Role", "Email", "Password", "CreatedAt") VALUES
('Student', 'student1@example.com', '$2a$11$Z/W0jRI/9IZsHgXuUDiKTOfZ2wDHS2WnX/uRegI9GLWCtqMhdR1wO', now()),
('Student', 'student2@example.com', '$2a$11$Z/W0jRI/9IZsHgXuUDiKTOfZ2wDHS2WnX/uRegI9GLWCtqMhdR1wO', now()),
('Student', 'student3@example.com', '$2a$11$Z/W0jRI/9IZsHgXuUDiKTOfZ2wDHS2WnX/uRegI9GLWCtqMhdR1wO', now()),
('Student', 'student4@example.com', '$2a$11$Z/W0jRI/9IZsHgXuUDiKTOfZ2wDHS2WnX/uRegI9GLWCtqMhdR1wO', now()),
('Student', 'student5@example.com', '$2a$11$Z/W0jRI/9IZsHgXuUDiKTOfZ2wDHS2WnX/uRegI9GLWCtqMhdR1wO', now()),
('Student', 'student6@example.com', '$2a$11$Z/W0jRI/9IZsHgXuUDiKTOfZ2wDHS2WnX/uRegI9GLWCtqMhdR1wO', now()),
('Student', 'student7@example.com', '$2a$11$Z/W0jRI/9IZsHgXuUDiKTOfZ2wDHS2WnX/uRegI9GLWCtqMhdR1wO', now()),
('Student', 'student8@example.com', '$2a$11$Z/W0jRI/9IZsHgXuUDiKTOfZ2wDHS2WnX/uRegI9GLWCtqMhdR1wO', now()),
('Student', 'student9@example.com', '$2a$11$Z/W0jRI/9IZsHgXuUDiKTOfZ2wDHS2WnX/uRegI9GLWCtqMhdR1wO', now()),
('Student', 'student10@example.com', '$2a$11$Z/W0jRI/9IZsHgXuUDiKTOfZ2wDHS2WnX/uRegI9GLWCtqMhdR1wO', now());

-- Админ
INSERT INTO "Users" ("Role", "Email", "Password", "CreatedAt") VALUES
('Admin', 'admin@example.com', '$2a$11$Z/W0jRI/9IZsHgXuUDiKTOfZ2wDHS2WnX/uRegI9GLWCtqMhdR1wO', now());

-- Teachers
INSERT INTO "Teachers" ("UserId", "FullName", "Education", "FacultyId", "Post", "Experience", "TotalTeachingHours", "ExtraHours") VALUES
(1, 'Иванов Иван Иванович', 'PhD in Computer Science', 1, 'Доцент', 10, 22, 3),
(2, 'Петрова Мария Сергеевна', 'PhD in Mathematics', 2, 'Профессор', 15, 19, 2),
(3, 'Сидоров Алексей Викторович', 'PhD in Physics', 3, 'Старший преподаватель', 8, 22, 4),
(4, 'Мударисов Алмаз Ансарович', 'PhD in Computer Science', 1, 'Старший преподаватель', 8, 22, 5);

-- Student
INSERT INTO "Students" ("UserId", "FullName", "GroupId", "GradebookNumber", "FacultyId", "PhoneNumber", "DayOfBirth", "CourseYear", "DormitoryNumber", "RoomNumber", "Course") VALUES
(5, 'Мударисов Алмаз Ансарович', 1, '100001', 3, '+79995748156', '2003-10-17', 2021, '1', 112, 4),
(6, 'Петров Никита Михайлович', 3, '100002', 1, '+79999137193', '2003-04-03', 2021, '2', 104, 4),
(7, 'Сидоров Артём Егорович', 2, '100003', 2, '+79992052487', '2003-02-06', 2021, '5', 105, 4),
(8, 'Кузнецов Андрей Иванович', 3, '100004', 3, '+79999458955', '2003-12-08', 2021, '2', 103, 4),
(9, 'Смирнов Пётр Никитич', 1, '100005', 3, '+79996503066', '2003-01-28', 2021, '4', 106, 4),
(10, 'Попов Михаил Петрович', 2, '100006', 1, '+79991489063', '2003-06-18', 2021, '2', 109, 4),
(11, 'Васильев Дмитрий Алексеевич', 1, '100007', 2, '+79996676445', '2003-12-10', 2021, '3', 105, 4),
(12, 'Морозов Егор Артемович', 1, '100008', 1, '+79991106651', '2003-11-02', 2021, '5', 106, 4),
(13, 'Новиков Сергей Андреевич', 2, '100009', 2, '+79995849538', '2003-01-05', 2021, '4', 114, 4),
(14, 'Фёдоров Алексей Сергеевич', 3, '100010', 2, '+79999961083', '2003-01-23', 2021, '3', 110, 4);

-- 7. TeacherSubjects (максимум 2 предмета на преподавателя)
INSERT INTO "TeacherSubjects" ("TeacherId", "SubjectId") VALUES
(1, 1),  -- Иванов ведет Математику
(1, 3),  -- Иванов ведет Информатику
(2, 2),  -- Петрова ведет Физику
(2, 4),  -- Петрова ведет Историю
(3, 5),  -- Сидоров ведет Философию
(3, 6),  -- Сидоров ведет Английский
(4, 7),  -- Мударисов ведет Алгоритмы
(4, 8);  -- Мударисов ведет Базы данных

-- 7. TeacherGroups (максимум 2 группы на преподавателя)
INSERT INTO "TeacherGroups" ("TeacherId", "GroupId") VALUES
(1, 1),  -- Иванов ведет группу 1
(1, 2),  -- Иванов ведет группу 2
(2, 1),  -- Петрова ведет группу 1
(2, 3),  -- Петрова ведет группу 3
(3, 2),  -- Сидоров ведет группу 2
(3, 3),  -- Сидоров ведет группу 3
(4, 1),  -- Мударисов ведет группу 1
(4, 2);  -- Мударисов ведет группу 2



INSERT INTO "AcademicPerformancesResults" ("UserId", "SubjectId", "Date", "Result", "Semester")
VALUES
-- Для пользователя 5
(5, 1, '2025-04-01', 4, 8),
(5, 2, '2025-04-02', 4, 8),
(5, 3, '2025-04-03', 5, 8),
(5, 4, '2025-04-04', 4, 8),
(5, 5, '2025-04-05', 4, 8),
(5, 6, '2025-04-06', 4, 8),
(5, 7, '2025-04-07', 4, 8),
(5, 8, '2025-04-08', 5, 8),
(5, 9, '2025-04-09', 5, 8),
(5, 10, '2025-04-10', 4, 8),

-- Для пользователя 6
(6, 1, '2025-04-01', 4, 8),
(6, 2, '2025-04-02', 3, 8),
(6, 3, '2025-04-03', 5, 8),
(6, 4, '2025-04-04', 4, 8),
(6, 5, '2025-04-05', 3, 8),
(6, 6, '2025-04-06', 4, 8),
(6, 7, '2025-04-07', 5, 8),
(6, 8, '2025-04-08', 4, 8),
(6, 9, '2025-04-09', 3, 8),
(6, 10, '2025-04-10', 5, 8),

-- Для пользователя 7
(7, 1, '2025-04-01', 5, 8),
(7, 2, '2025-04-02', 4, 8),
(7, 3, '2025-04-03', 4, 8),
(7, 4, '2025-04-04', 5, 8),
(7, 5, '2025-04-05', 3, 8),
(7, 6, '2025-04-06', 4, 8),
(7, 7, '2025-04-07', 4, 8),
(7, 8, '2025-04-08', 5, 8),
(7, 9, '2025-04-09', 3, 8),
(7, 10, '2025-04-10', 5, 8),

-- Для пользователя 9
(9, 1, '2025-04-01', 4, 8),
(9, 2, '2025-04-02', 5, 8),
(9, 3, '2025-04-03', 4, 8),
(9, 4, '2025-04-04', 3, 8),
(9, 5, '2025-04-05', 4, 8),
(9, 6, '2025-04-06', 4, 8),
(9, 7, '2025-04-07', 5, 8),
(9, 8, '2025-04-08', 3, 8),
(9, 9, '2025-04-09', 4, 8),
(9, 10, '2025-04-10', 5, 8);



-- Успеваемость студента 1 не 100 процентная
INSERT INTO "AcademicPerformances" ("UserId", "SubjectId", "Date", "Score", "Semester") VALUES
(5, 1, '2025-04-02', 8, 7);

-- Успеваемость студента 1 не 100 процентная
INSERT INTO "AcademicPerformances" ("UserId", "SubjectId", "Date", "Score", "Semester") VALUES
(5, 1, '2025-04-02', 8, 8),
(5, 1, '2025-04-04', 7, 8),
(5, 1, '2025-04-06', 8, 8),
(5, 1, '2025-04-08', 10, 8),
(5, 1, '2025-04-10', 10, 8),
(5, 1, '2025-04-12', 12, 8),
(5, 1, '2025-04-14', 6, 8),
(5, 1, '2025-04-16', 6, 8),
(5, 1, '2025-04-18', 9, 8),
(5, 1, '2025-04-20', 14, 8),
(5, 2, '2025-04-03', 5, 8),
(5, 2, '2025-04-05', 19, 8),
(5, 2, '2025-04-07', 16, 8),
(5, 2, '2025-04-09', 10, 8),
(5, 2, '2025-04-11', 2, 8),
(5, 2, '2025-04-13', 5, 8),
(5, 2, '2025-04-15', 1, 8),
(5, 2, '2025-04-17', 19, 8),
(5, 2, '2025-04-19', 1, 8),
(5, 2, '2025-04-21', 18, 8),
(5, 3, '2025-04-04', 7, 8),
(5, 3, '2025-04-06', 16, 8),
(5, 3, '2025-04-08', 10, 8),
(5, 3, '2025-04-10', 6, 8),
(5, 3, '2025-04-12', 9, 8),
(5, 3, '2025-04-14', 16, 8),
(5, 3, '2025-04-16', 2, 8),
(5, 3, '2025-04-18', 13, 8),
(5, 3, '2025-04-20', 2, 8),
(5, 3, '2025-04-22', 12, 8),
(5, 4, '2025-04-05', 10, 8),
(5, 4, '2025-04-07', 12, 8),
(5, 4, '2025-04-09', 4, 8),
(5, 4, '2025-04-11', 9, 8),
(5, 4, '2025-04-13', 14, 8),
(5, 4, '2025-04-15', 10, 8),
(5, 4, '2025-04-17', 14, 8),
(5, 4, '2025-04-19', 4, 8),
(5, 4, '2025-04-21', 11, 8),
(5, 4, '2025-04-23', 7, 8),
(5, 5, '2025-04-06', 5, 8),
(5, 5, '2025-04-08', 10, 8),
(5, 5, '2025-04-10', 10, 8),
(5, 5, '2025-04-12', 11, 8),
(5, 5, '2025-04-14', 9, 8),
(5, 5, '2025-04-16', 10, 8),
(5, 5, '2025-04-18', 11, 8),
(5, 5, '2025-04-20', 10, 8),
(5, 5, '2025-04-22', 14, 8),
(5, 5, '2025-04-24', 4, 8),
(5, 6, '2025-04-07', 10, 8),
(5, 6, '2025-04-09', 11, 8),
(5, 6, '2025-04-11', 1, 8),
(5, 6, '2025-04-13', 7, 8),
(5, 6, '2025-04-15', 8, 8),
(5, 6, '2025-04-17', 9, 8),
(5, 6, '2025-04-19', 6, 8),
(5, 6, '2025-04-21', 16, 8),
(5, 6, '2025-04-23', 15, 8),
(5, 6, '2025-04-25', 11, 8),
(5, 7, '2025-04-08', 6, 8),
(5, 7, '2025-04-10', 11, 8),
(5, 7, '2025-04-12', 5, 8),
(5, 7, '2025-04-14', 10, 8),
(5, 7, '2025-04-16', 11, 8),
(5, 7, '2025-04-18', 11, 8),
(5, 7, '2025-04-20', 16, 8),
(5, 7, '2025-04-22', 11, 8),
(5, 7, '2025-04-24', 9, 8),
(5, 7, '2025-04-26', 4, 8),
(5, 8, '2025-04-09', 4, 8),
(5, 8, '2025-04-11', 1, 8),
(5, 8, '2025-04-13', 15, 8),
(5, 8, '2025-04-15', 10, 8),
(5, 8, '2025-04-17', 11, 8),
(5, 8, '2025-04-19', 8, 8),
(5, 8, '2025-04-21', 14, 8),
(5, 8, '2025-04-23', 13, 8),
(5, 8, '2025-04-25', 7, 8),
(5, 8, '2025-04-27', 9, 8),
(5, 9, '2025-04-10', 16, 8),
(5, 9, '2025-04-12', 1, 8),
(5, 9, '2025-04-14', 12, 8),
(5, 9, '2025-04-16', 10, 8),
(5, 9, '2025-04-18', 6, 8),
(5, 9, '2025-04-20', 6, 8),
(5, 9, '2025-04-22', 1, 8),
(5, 9, '2025-04-24', 15, 8),
(5, 9, '2025-04-26', 17, 8),
(5, 9, '2025-04-28', 13, 8),
(5, 10, '2025-04-11', 1, 8),
(5, 10, '2025-04-13', 10, 8),
(5, 10, '2025-04-15', 4, 8),
(5, 10, '2025-04-17', 4, 8),
(5, 10, '2025-04-19', 16, 8),
(5, 10, '2025-04-21', 16, 8),
(5, 10, '2025-04-23', 4, 8),
(5, 10, '2025-04-25', 9, 8),
(5, 10, '2025-04-27', 10, 8),
(5, 10, '2025-04-29', 11, 8);


-- Успеваемость студента 2
INSERT INTO "AcademicPerformances" ("UserId", "SubjectId", "Date", "Score", "Semester") VALUES
(6, 1, '2025-04-02', 8, 8),
(6, 1, '2025-04-04', 7, 8),
(6, 1, '2025-04-06', 8, 8),
(6, 1, '2025-04-08', 15, 8),
(6, 1, '2025-04-10', 15, 8),
(6, 1, '2025-04-12', 12, 8),
(6, 1, '2025-04-14', 6, 8),
(6, 1, '2025-04-16', 6, 8),
(6, 1, '2025-04-18', 9, 8),
(6, 1, '2025-04-20', 14, 8),
(6, 2, '2025-04-03', 5, 8),
(6, 2, '2025-04-05', 19, 8),
(6, 2, '2025-04-07', 16, 8),
(6, 2, '2025-04-09', 14, 8),
(6, 2, '2025-04-11', 2, 8),
(6, 2, '2025-04-13', 5, 8),
(6, 2, '2025-04-15', 1, 8),
(6, 2, '2025-04-17', 19, 8),
(6, 2, '2025-04-19', 1, 8),
(6, 2, '2025-04-21', 18, 8),
(6, 3, '2025-04-04', 7, 8),
(6, 3, '2025-04-06', 16, 8),
(6, 3, '2025-04-08', 17, 8),
(6, 3, '2025-04-10', 6, 8),
(6, 3, '2025-04-12', 9, 8),
(6, 3, '2025-04-14', 16, 8),
(6, 3, '2025-04-16', 2, 8),
(6, 3, '2025-04-18', 13, 8),
(6, 3, '2025-04-20', 2, 8),
(6, 3, '2025-04-22', 12, 8),
(6, 4, '2025-04-05', 15, 8),
(6, 4, '2025-04-07', 12, 8),
(6, 4, '2025-04-09', 4, 8),
(6, 4, '2025-04-11', 9, 8),
(6, 4, '2025-04-13', 14, 8),
(6, 4, '2025-04-15', 10, 8),
(6, 4, '2025-04-17', 14, 8),
(6, 4, '2025-04-19', 4, 8),
(6, 4, '2025-04-21', 11, 8),
(6, 4, '2025-04-23', 7, 8),
(6, 5, '2025-04-06', 5, 8),
(6, 5, '2025-04-08', 16, 8),
(6, 5, '2025-04-10', 10, 8),
(6, 5, '2025-04-12', 11, 8),
(6, 5, '2025-04-14', 9, 8),
(6, 5, '2025-04-16', 10, 8),
(6, 5, '2025-04-18', 11, 8),
(6, 5, '2025-04-20', 10, 8),
(6, 5, '2025-04-22', 14, 8),
(6, 5, '2025-04-24', 4, 8),
(6, 6, '2025-04-07', 16, 8),
(6, 6, '2025-04-09', 11, 8),
(6, 6, '2025-04-11', 1, 8),
(6, 6, '2025-04-13', 7, 8),
(6, 6, '2025-04-15', 8, 8),
(6, 6, '2025-04-17', 9, 8),
(6, 6, '2025-04-19', 6, 8),
(6, 6, '2025-04-21', 16, 8),
(6, 6, '2025-04-23', 15, 8),
(6, 6, '2025-04-25', 11, 8),
(6, 7, '2025-04-08', 6, 8),
(6, 7, '2025-04-10', 11, 8),
(6, 7, '2025-04-12', 5, 8),
(6, 7, '2025-04-14', 16, 8),
(6, 7, '2025-04-16', 11, 8),
(6, 7, '2025-04-18', 11, 8),
(6, 7, '2025-04-20', 16, 8),
(6, 7, '2025-04-22', 11, 8),
(6, 7, '2025-04-24', 9, 8),
(6, 7, '2025-04-26', 4, 8),
(6, 8, '2025-04-09', 4, 8),
(6, 8, '2025-04-11', 1, 8),
(6, 8, '2025-04-13', 15, 8),
(6, 8, '2025-04-15', 18, 8),
(6, 8, '2025-04-17', 11, 8),
(6, 8, '2025-04-19', 8, 8),
(6, 8, '2025-04-21', 14, 8),
(6, 8, '2025-04-23', 13, 8),
(6, 8, '2025-04-25', 7, 8),
(6, 8, '2025-04-27', 9, 8),
(6, 9, '2025-04-10', 16, 8),
(6, 9, '2025-04-12', 1, 8),
(6, 9, '2025-04-14', 12, 8),
(6, 9, '2025-04-16', 13, 8),
(6, 9, '2025-04-18', 6, 8),
(6, 9, '2025-04-20', 6, 8),
(6, 9, '2025-04-22', 1, 8),
(6, 9, '2025-04-24', 15, 8),
(6, 9, '2025-04-26', 17, 8),
(6, 9, '2025-04-28', 13, 8),
(6, 10, '2025-04-11', 1, 8),
(6, 10, '2025-04-13', 19, 8),
(6, 10, '2025-04-15', 4, 8),
(6, 10, '2025-04-17', 4, 8),
(6, 10, '2025-04-19', 16, 8),
(6, 10, '2025-04-21', 16, 8),
(6, 10, '2025-04-23', 4, 8),
(6, 10, '2025-04-25', 9, 8),
(6, 10, '2025-04-27', 16, 8),
(6, 10, '2025-04-29', 11, 8);


-- Успеваемость студента 3
-- Успеваемость студента 3
INSERT INTO "AcademicPerformances" ("UserId", "SubjectId", "Date", "Score", "Semester") VALUES
(7, 1, '2025-04-02', 8, 8),
(7, 1, '2025-04-04', 7, 8),
(7, 1, '2025-04-06', 8, 8),
(7, 1, '2025-04-08', 15, 8),
(7, 1, '2025-04-10', 15, 8),
(7, 1, '2025-04-12', 12, 8),
(7, 1, '2025-04-14', 6, 8),
(7, 1, '2025-04-16', 6, 8),
(7, 1, '2025-04-18', 9, 8),
(7, 1, '2025-04-20', 14, 8),
(7, 2, '2025-04-03', 5, 8),
(7, 2, '2025-04-05', 19, 8),
(7, 2, '2025-04-07', 16, 8),
(7, 2, '2025-04-09', 14, 8),
(7, 2, '2025-04-11', 2, 8),
(7, 2, '2025-04-13', 5, 8),
(7, 2, '2025-04-15', 1, 8),
(7, 2, '2025-04-17', 19, 8),
(7, 2, '2025-04-19', 1, 8),
(7, 2, '2025-04-21', 18, 8),
(7, 3, '2025-04-04', 7, 8),
(7, 3, '2025-04-06', 16, 8),
(7, 3, '2025-04-08', 17, 8),
(7, 3, '2025-04-10', 6, 8),
(7, 3, '2025-04-12', 9, 8),
(7, 3, '2025-04-14', 16, 8),
(7, 3, '2025-04-16', 2, 8),
(7, 3, '2025-04-18', 13, 8),
(7, 3, '2025-04-20', 2, 8),
(7, 3, '2025-04-22', 12, 8),
(7, 4, '2025-04-05', 15, 8),
(7, 4, '2025-04-07', 12, 8),
(7, 4, '2025-04-09', 4, 8),
(7, 4, '2025-04-11', 9, 8),
(7, 4, '2025-04-13', 14, 8),
(7, 4, '2025-04-15', 10, 8),
(7, 4, '2025-04-17', 14, 8),
(7, 4, '2025-04-19', 4, 8),
(7, 4, '2025-04-21', 11, 8),
(7, 4, '2025-04-23', 7, 8),
(7, 5, '2025-04-06', 5, 8),
(7, 5, '2025-04-08', 16, 8),
(7, 5, '2025-04-10', 10, 8),
(7, 5, '2025-04-12', 11, 8),
(7, 5, '2025-04-14', 9, 8),
(7, 5, '2025-04-16', 10, 8),
(7, 5, '2025-04-18', 11, 8),
(7, 5, '2025-04-20', 10, 8),
(7, 5, '2025-04-22', 14, 8),
(7, 5, '2025-04-24', 4, 8),
(7, 6, '2025-04-07', 16, 8),
(7, 6, '2025-04-09', 11, 8),
(7, 6, '2025-04-11', 1, 8),
(7, 6, '2025-04-13', 7, 8),
(7, 6, '2025-04-15', 8, 8),
(7, 6, '2025-04-17', 9, 8),
(7, 6, '2025-04-19', 6, 8),
(7, 6, '2025-04-21', 16, 8),
(7, 6, '2025-04-23', 15, 8),
(7, 6, '2025-04-25', 11, 8),
(7, 7, '2025-04-08', 6, 8),
(7, 7, '2025-04-10', 11, 8),
(7, 7, '2025-04-12', 5, 8),
(7, 7, '2025-04-14', 16, 8),
(7, 7, '2025-04-16', 11, 8),
(7, 7, '2025-04-18', 11, 8),
(7, 7, '2025-04-20', 16, 8),
(7, 7, '2025-04-22', 11, 8),
(7, 7, '2025-04-24', 9, 8),
(7, 7, '2025-04-26', 4, 8),
(7, 8, '2025-04-09', 4, 8),
(7, 8, '2025-04-11', 1, 8),
(7, 8, '2025-04-13', 15, 8),
(7, 8, '2025-04-15', 18, 8),
(7, 8, '2025-04-17', 11, 8),
(7, 8, '2025-04-19', 8, 8),
(7, 8, '2025-04-21', 14, 8),
(7, 8, '2025-04-23', 13, 8),
(7, 8, '2025-04-25', 7, 8),
(7, 8, '2025-04-27', 9, 8),
(7, 9, '2025-04-10', 16, 8),
(7, 9, '2025-04-12', 1, 8),
(7, 9, '2025-04-14', 12, 8),
(7, 9, '2025-04-16', 13, 8),
(7, 9, '2025-04-18', 6, 8),
(7, 9, '2025-04-20', 6, 8),
(7, 9, '2025-04-22', 1, 8),
(7, 9, '2025-04-24', 15, 8),
(7, 9, '2025-04-26', 17, 8),
(7, 9, '2025-04-28', 13, 8),
(7, 10, '2025-04-11', 1, 8),
(7, 10, '2025-04-13', 19, 8),
(7, 10, '2025-04-15', 4, 8),
(7, 10, '2025-04-17', 4, 8),
(7, 10, '2025-04-19', 16, 8),
(7, 10, '2025-04-21', 16, 8),
(7, 10, '2025-04-23', 4, 8),
(7, 10, '2025-04-25', 9, 8),
(7, 10, '2025-04-27', 16, 8),
(7, 10, '2025-04-29', 11, 8);


-- Успеваемость студента 5
INSERT INTO "AcademicPerformances" ("UserId", "SubjectId", "Date", "Score", "Semester") VALUES
(9, 1, '2025-04-02', 5, 8),
(9, 1, '2025-04-04', 10, 8),
(9, 1, '2025-04-06', 8, 8),
(9, 1, '2025-04-08', 10, 8),
(9, 1, '2025-04-10', 15, 8),
(9, 1, '2025-04-12', 12, 8),
(9, 1, '2025-04-14', 6, 8),
(9, 1, '2025-04-16', 6, 8),
(9, 1, '2025-04-18', 9, 8),
(9, 1, '2025-04-20', 14, 8),
(9, 2, '2025-04-03', 5, 8),
(9, 2, '2025-04-05', 19, 8),
(9, 2, '2025-04-07', 16, 8),
(9, 2, '2025-04-09', 10, 8),
(9, 2, '2025-04-11', 2, 8),
(9, 2, '2025-04-13', 5, 8),
(9, 2, '2025-04-15', 1, 8),
(9, 2, '2025-04-17', 19, 8),
(9, 2, '2025-04-19', 1, 8),
(9, 2, '2025-04-21', 18, 8),
(9, 3, '2025-04-04', 7, 8),
(9, 3, '2025-04-06', 16, 8),
(9, 3, '2025-04-08', 10, 8),
(9, 3, '2025-04-10', 6, 8),
(9, 3, '2025-04-12', 9, 8),
(9, 3, '2025-04-14', 16, 8),
(9, 3, '2025-04-16', 2, 8),
(9, 3, '2025-04-18', 13, 8),
(9, 3, '2025-04-20', 2, 8),
(9, 3, '2025-04-22', 12, 8),
(9, 4, '2025-04-05', 15, 8),
(9, 4, '2025-04-07', 12, 8),
(9, 4, '2025-04-09', 4, 8),
(9, 4, '2025-04-11', 9, 8),
(9, 4, '2025-04-13', 10, 8),
(9, 4, '2025-04-15', 10, 8),
(9, 4, '2025-04-17', 14, 8),
(9, 4, '2025-04-19', 4, 8),
(9, 4, '2025-04-21', 11, 8),
(9, 4, '2025-04-23', 7, 8),
(9, 5, '2025-04-06', 5, 8),
(9, 5, '2025-04-08', 16, 8),
(9, 5, '2025-04-10', 10, 8),
(9, 5, '2025-04-12', 11, 8),
(9, 5, '2025-04-14', 9, 8),
(9, 5, '2025-04-16', 10, 8),
(9, 5, '2025-04-18', 11, 8),
(9, 5, '2025-04-20', 10, 8),
(9, 5, '2025-04-22', 10, 8),
(9, 5, '2025-04-24', 4, 8),
(9, 6, '2025-04-07', 16, 8),
(9, 6, '2025-04-09', 11, 8),
(9, 6, '2025-04-11', 1, 8),
(9, 6, '2025-04-13', 7, 8),
(9, 6, '2025-04-15', 8, 8),
(9, 6, '2025-04-17', 9, 8),
(9, 6, '2025-04-19', 6, 8),
(9, 6, '2025-04-21', 16, 8),
(9, 6, '2025-04-23', 10, 8),
(9, 6, '2025-04-25', 11, 8),
(9, 7, '2025-04-08', 6, 8),
(9, 7, '2025-04-10', 11, 8),
(9, 7, '2025-04-12', 5, 8),
(9, 7, '2025-04-14', 16, 8),
(9, 7, '2025-04-16', 11, 8),
(9, 7, '2025-04-18', 11, 8),
(9, 7, '2025-04-20', 10, 8),
(9, 7, '2025-04-22', 11, 8),
(9, 7, '2025-04-24', 9, 8),
(9, 7, '2025-04-26', 4, 8),
(9, 8, '2025-04-09', 4, 8),
(9, 8, '2025-04-11', 1, 8),
(9, 8, '2025-04-13', 15, 8),
(9, 8, '2025-04-15', 18, 8),
(9, 8, '2025-04-17', 11, 8),
(9, 8, '2025-04-19', 8, 8),
(9, 8, '2025-04-21', 14, 8),
(9, 8, '2025-04-23', 13, 8),
(9, 8, '2025-04-25', 7, 8),
(9, 8, '2025-04-27', 9, 8),
(9, 9, '2025-04-10', 16, 8),
(9, 9, '2025-04-12', 1, 8),
(9, 9, '2025-04-14', 10, 8),
(9, 9, '2025-04-16', 13, 8),
(9, 9, '2025-04-18', 6, 8),
(9, 9, '2025-04-20', 6, 8),
(9, 9, '2025-04-22', 1, 8),
(9, 9, '2025-04-24', 15, 8),
(9, 9, '2025-04-26', 17, 8),
(9, 9, '2025-04-28', 13, 8),
(9, 10, '2025-04-11', 1, 8),
(9, 10, '2025-04-13', 19, 8),
(9, 10, '2025-04-15', 4, 8),
(9, 10, '2025-04-17', 4, 8),
(9, 10, '2025-04-19', 16, 8),
(9, 10, '2025-04-21', 10, 8),
(9, 10, '2025-04-23', 4, 8),
(9, 10, '2025-04-25', 9, 8),
(9, 10, '2025-04-27', 16, 8),
(9, 10, '2025-04-29', 11, 8);


-- Успеваемость студента 1 не 100 процентная
INSERT INTO "AcademicPerformances" ("UserId", "SubjectId", "Date", "Score", "Semester") VALUES
(11, 1, '2025-04-02', 3, 8),
(11, 1, '2025-04-04', 2, 8),
(11, 1, '2025-04-06', 2, 8),
(11, 1, '2025-04-08', 1, 8),
(11, 1, '2025-04-10', 5, 8),
(11, 1, '2025-04-12', 6, 8),
(11, 1, '2025-04-14', 3, 8),
(11, 1, '2025-04-16', 2, 8),
(11, 1, '2025-04-18', 1, 8),
(11, 1, '2025-04-20', 6, 8),

(11, 3, '2025-04-02', 4, 8),
(11, 3, '2025-04-04', 2, 8),
(11, 3, '2025-04-06', 1, 8),
(11, 3, '2025-04-08', 1, 8),
(11, 3, '2025-04-10', 5, 8),
(11, 3, '2025-04-12', 6, 8),
(11, 3, '2025-04-14', 2, 8),
(11, 3, '2025-04-16', 1, 8),
(11, 3, '2025-04-18', 4, 8),
(11, 3, '2025-04-20', 4, 8);

-- Успеваемость студента 1 не 100 процентная
INSERT INTO "AcademicPerformances" ("UserId", "SubjectId", "Date", "Score", "Semester") VALUES
(12, 1, '2025-04-02', 0, 8),
(12, 1, '2025-04-04', 0, 8),
(12, 1, '2025-04-06', 2, 8),
(12, 1, '2025-04-08', 1, 8),
(12, 1, '2025-04-10', 0, 8),
(12, 1, '2025-04-12', 6, 8),
(12, 1, '2025-04-14', 3, 8),
(12, 1, '2025-04-16', 0, 8),
(12, 1, '2025-04-18', 1, 8),
(12, 1, '2025-04-20', 6, 8),

(12, 3, '2025-04-02', 0, 8),
(12, 3, '2025-04-04', 2, 8),
(12, 3, '2025-04-06', 1, 8),
(12, 3, '2025-04-08', 0, 8),
(12, 3, '2025-04-10', 5, 8),
(12, 3, '2025-04-12', 6, 8),
(12, 3, '2025-04-14', 0, 8),
(12, 3, '2025-04-16', 1, 8),
(12, 3, '2025-04-18', 0, 8),
(12, 3, '2025-04-20', 4, 8);

-- Успеваемость студента 1 не 100 процентная
INSERT INTO "AcademicPerformances" ("UserId", "SubjectId", "Date", "Score", "Semester") VALUES
(10, 1, '2025-04-02', 0, 8),
(10, 1, '2025-04-04', 5, 8),
(10, 1, '2025-04-06', 2, 8),
(10, 1, '2025-04-08', 1, 8),
(10, 1, '2025-04-10', 0, 8),
(10, 1, '2025-04-12', 0, 8),
(10, 1, '2025-04-14', 3, 8),
(10, 1, '2025-04-16', 0, 8),
(10, 1, '2025-04-18', 1, 8),
(10, 1, '2025-04-20', 6, 8),

(10, 3, '2025-04-02', 0, 8),
(10, 3, '2025-04-04', 3, 8),
(10, 3, '2025-04-06', 1, 8),
(10, 3, '2025-04-08', 0, 8),
(10, 3, '2025-04-10', 1, 8),
(10, 3, '2025-04-12', 6, 8),
(10, 3, '2025-04-14', 0, 8),
(10, 3, '2025-04-16', 1, 8),
(10, 3, '2025-04-18', 0, 8),
(10, 3, '2025-04-20', 2, 8);

-- Посещаемость студента
INSERT INTO "Attendances" ("UserId", "SubjectId", "Date", "Status", "Semester") VALUES
(6, 1, '2025-04-02', '+', 8),
(6, 1, '2025-04-04', '+', 8),
(6, 1, '2025-04-06', '-', 8),
(6, 1, '2025-04-08', '+', 8),
(6, 1, '2025-04-10', '+', 8),
(6, 1, '2025-04-12', '-', 8),
(6, 1, '2025-04-14', '-', 8),
(6, 1, '2025-04-16', '+', 8),
(6, 1, '2025-04-18', '-', 8),
(6, 1, '2025-04-20', '+', 8),

(6, 2, '2025-04-03', '+', 8),
(6, 2, '2025-04-05', '+', 8),
(6, 2, '2025-04-07', '-', 8),
(6, 2, '2025-04-09', '+', 8),
(6, 2, '2025-04-11', '-', 8),
(6, 2, '2025-04-13', '+', 8),
(6, 2, '2025-04-15', '-', 8),
(6, 2, '2025-04-17', '+', 8),
(6, 2, '2025-04-19', '+', 8),
(6, 2, '2025-04-21', '+', 8),

(6, 3, '2025-04-04', '-', 8),
(6, 3, '2025-04-06', '+', 8),
(6, 3, '2025-04-08', '+', 8),
(6, 3, '2025-04-10', '-', 8),
(6, 3, '2025-04-12', '+', 8),
(6, 3, '2025-04-14', '+', 8),
(6, 3, '2025-04-16', '-', 8),
(6, 3, '2025-04-18', '+', 8),
(6, 3, '2025-04-20', '+', 8),
(6, 3, '2025-04-22', '+', 8),

(6, 4, '2025-04-05', '+', 8),
(6, 4, '2025-04-07', '+', 8),
(6, 4, '2025-04-09', '-', 8),
(6, 4, '2025-04-11', '+', 8),
(6, 4, '2025-04-13', '-', 8),
(6, 4, '2025-04-15', '+', 8),
(6, 4, '2025-04-17', '+', 8),
(6, 4, '2025-04-19', '-', 8),
(6, 4, '2025-04-21', '+', 8),
(6, 4, '2025-04-23', '+', 8),

(6, 5, '2025-04-06', '+', 8),
(6, 5, '2025-04-08', '+', 8),
(6, 5, '2025-04-10', '-', 8),
(6, 5, '2025-04-12', '+', 8),
(6, 5, '2025-04-14', '+', 8),
(6, 5, '2025-04-16', '+', 8),
(6, 5, '2025-04-18', '-', 8),
(6, 5, '2025-04-20', '+', 8),
(6, 5, '2025-04-22', '+', 8),
(6, 5, '2025-04-24', '+', 8),

(6, 6, '2025-04-07', '-', 8),
(6, 6, '2025-04-09', '+', 8),
(6, 6, '2025-04-11', '+', 8),
(6, 6, '2025-04-13', '+', 8),
(6, 6, '2025-04-15', '+', 8),
(6, 6, '2025-04-17', '+', 8),
(6, 6, '2025-04-19', '-', 8),
(6, 6, '2025-04-21', '+', 8),
(6, 6, '2025-04-23', '-', 8),
(6, 6, '2025-04-25', '+', 8),

(6, 7, '2025-04-08', '+', 8),
(6, 7, '2025-04-10', '+', 8),
(6, 7, '2025-04-12', '-', 8),
(6, 7, '2025-04-14', '+', 8),
(6, 7, '2025-04-16', '-', 8),
(6, 7, '2025-04-18', '+', 8),
(6, 7, '2025-04-20', '+', 8),
(6, 7, '2025-04-22', '-', 8),
(6, 7, '2025-04-24', '+', 8),
(6, 7, '2025-04-26', '+', 8),

(6, 8, '2025-04-09', '+', 8),
(6, 8, '2025-04-11', '+', 8),
(6, 8, '2025-04-13', '+', 8),
(6, 8, '2025-04-15', '-', 8),
(6, 8, '2025-04-17', '+', 8),
(6, 8, '2025-04-19', '+', 8),
(6, 8, '2025-04-21', '+', 8),
(6, 8, '2025-04-23', '-', 8),
(6, 8, '2025-04-25', '+', 8),
(6, 8, '2025-04-27', '+', 8),

(6, 9, '2025-04-10', '+', 8),
(6, 9, '2025-04-12', '+', 8),
(6, 9, '2025-04-14', '+', 8),
(6, 9, '2025-04-16', '+', 8),
(6, 9, '2025-04-18', '+', 8),
(6, 9, '2025-04-20', '+', 8),
(6, 9, '2025-04-22', '-', 8),
(6, 9, '2025-04-24', '-', 8),
(6, 9, '2025-04-26', '+', 8),
(6, 9, '2025-04-28', '+', 8),

(6, 10, '2025-04-11', '+', 8),
(6, 10, '2025-04-13', '+', 8),
(6, 10, '2025-04-15', '-', 8),
(6, 10, '2025-04-17', '+', 8),
(6, 10, '2025-04-19', '+', 8),
(6, 10, '2025-04-21', '-', 8),
(6, 10, '2025-04-23', '+', 8),
(6, 10, '2025-04-25', '+', 8),
(6, 10, '2025-04-27', '+', 8),
(6, 10, '2025-04-29', '+', 8);


-- Посещаемость студента 1, семестр 8
INSERT INTO "Attendances" ("UserId", "SubjectId", "Date", "Status", "Semester") VALUES
(5, 1, '2025-04-02', '+', 8),
(5, 1, '2025-04-04', '+', 8),
(5, 1, '2025-04-06', '-', 8),
(5, 1, '2025-04-08', '+', 8),
(5, 1, '2025-04-10', '+', 8),
(5, 1, '2025-04-12', '-', 8),
(5, 1, '2025-04-14', '+', 8),
(5, 1, '2025-04-16', '-', 8),
(5, 1, '2025-04-18', '+', 8),
(5, 1, '2025-04-20', '+', 8),

(5, 2, '2025-04-03', '+', 8),
(5, 2, '2025-04-05', '+', 8),
(5, 2, '2025-04-07', '-', 8),
(5, 2, '2025-04-09', '+', 8),
(5, 2, '2025-04-11', '+', 8),
(5, 2, '2025-04-13', '+', 8),
(5, 2, '2025-04-15', '-', 8),
(5, 2, '2025-04-17', '-', 8),
(5, 2, '2025-04-19', '+', 8),
(5, 2, '2025-04-21', '+', 8),

(5, 3, '2025-04-04', '+', 8),
(5, 3, '2025-04-06', '+', 8),
(5, 3, '2025-04-08', '+', 8),
(5, 3, '2025-04-10', '+', 8),
(5, 3, '2025-04-12', '-', 8),
(5, 3, '2025-04-14', '+', 8),
(5, 3, '2025-04-16', '-', 8),
(5, 3, '2025-04-18', '+', 8),
(5, 3, '2025-04-20', '-', 8),
(5, 3, '2025-04-22', '+', 8),

(5, 4, '2025-04-05', '+', 8),
(5, 4, '2025-04-07', '+', 8),
(5, 4, '2025-04-09', '+', 8),
(5, 4, '2025-04-11', '+', 8),
(5, 4, '2025-04-13', '-', 8),
(5, 4, '2025-04-15', '+', 8),
(5, 4, '2025-04-17', '-', 8),
(5, 4, '2025-04-19', '+', 8),
(5, 4, '2025-04-21', '+', 8),
(5, 4, '2025-04-23', '+', 8),

(5, 5, '2025-04-06', '+', 8),
(5, 5, '2025-04-08', '-', 8),
(5, 5, '2025-04-10', '+', 8),
(5, 5, '2025-04-12', '+', 8),
(5, 5, '2025-04-14', '+', 8),
(5, 5, '2025-04-16', '-', 8),
(5, 5, '2025-04-18', '+', 8),
(5, 5, '2025-04-20', '+', 8),
(5, 5, '2025-04-22', '+', 8),
(5, 5, '2025-04-24', '+', 8),

(5, 6, '2025-04-07', '+', 8),
(5, 6, '2025-04-09', '+', 8),
(5, 6, '2025-04-11', '+', 8),
(5, 6, '2025-04-13', '-', 8),
(5, 6, '2025-04-15', '+', 8),
(5, 6, '2025-04-17', '+', 8),
(5, 6, '2025-04-19', '+', 8),
(5, 6, '2025-04-21', '-', 8),
(5, 6, '2025-04-23', '-', 8),
(5, 6, '2025-04-25', '+', 8),

(5, 7, '2025-04-08', '+', 8),
(5, 7, '2025-04-10', '+', 8),
(5, 7, '2025-04-12', '+', 8),
(5, 7, '2025-04-14', '-', 8),
(5, 7, '2025-04-16', '+', 8),
(5, 7, '2025-04-18', '-', 8),
(5, 7, '2025-04-20', '+', 8),
(5, 7, '2025-04-22', '+', 8),
(5, 7, '2025-04-24', '+', 8),
(5, 7, '2025-04-26', '+', 8),

(5, 8, '2025-04-09', '+', 8),
(5, 8, '2025-04-11', '+', 8),
(5, 8, '2025-04-13', '+', 8),
(5, 8, '2025-04-15', '+', 8),
(5, 8, '2025-04-17', '-', 8),
(5, 8, '2025-04-19', '+', 8),
(5, 8, '2025-04-21', '-', 8),
(5, 8, '2025-04-23', '+', 8),
(5, 8, '2025-04-25', '+', 8),
(5, 8, '2025-04-27', '+', 8),

(5, 9, '2025-04-10', '+', 8),
(5, 9, '2025-04-12', '-', 8),
(5, 9, '2025-04-14', '+', 8),
(5, 9, '2025-04-16', '+', 8),
(5, 9, '2025-04-18', '+', 8),
(5, 9, '2025-04-20', '-', 8),
(5, 9, '2025-04-22', '+', 8),
(5, 9, '2025-04-24', '+', 8),
(5, 9, '2025-04-26', '+', 8),
(5, 9, '2025-04-28', '+', 8),

(5, 10, '2025-04-11', '+', 8),
(5, 10, '2025-04-13', '+', 8),
(5, 10, '2025-04-15', '-', 8),
(5, 10, '2025-04-17', '+', 8),
(5, 10, '2025-04-19', '+', 8),
(5, 10, '2025-04-21', '-', 8),
(5, 10, '2025-04-23', '+', 8),
(5, 10, '2025-04-25', '+', 8),
(5, 10, '2025-04-27', '+', 8),
(5, 10, '2025-04-29', '+', 8);

INSERT INTO "Attendances" ("UserId", "SubjectId", "Date", "Status", "Semester")
VALUES
(7, 1, '2025-04-02', '+', 8),
(7, 1, '2025-04-04', '+', 8),
(7, 1, '2025-04-06', '-', 8),
(7, 1, '2025-04-08', '+', 8),
(7, 1, '2025-04-10', '+', 8),
(7, 1, '2025-04-12', '+', 8),
(7, 1, '2025-04-14', '+', 8),
(7, 1, '2025-04-16', '-', 8),
(7, 1, '2025-04-18', '+', 8),
(7, 1, '2025-04-20', '+', 8),

(7, 2, '2025-04-03', '+', 8),
(7, 2, '2025-04-05', '+', 8),
(7, 2, '2025-04-07', '-', 8),
(7, 2, '2025-04-09', '+', 8),
(7, 2, '2025-04-11', '+', 8),
(7, 2, '2025-04-13', '+', 8),
(7, 2, '2025-04-15', '+', 8),
(7, 2, '2025-04-17', '-', 8),
(7, 2, '2025-04-19', '+', 8),
(7, 2, '2025-04-21', '+', 8),

(7, 3, '2025-04-04', '+', 8),
(7, 3, '2025-04-06', '+', 8),
(7, 3, '2025-04-08', '+', 8),
(7, 3, '2025-04-10', '+', 8),
(7, 3, '2025-04-12', '-', 8),
(7, 3, '2025-04-14', '+', 8),
(7, 3, '2025-04-16', '+', 8),
(7, 3, '2025-04-18', '+', 8),
(7, 3, '2025-04-20', '-', 8),
(7, 3, '2025-04-22', '+', 8),

(7, 4, '2025-04-05', '+', 8),
(7, 4, '2025-04-07', '+', 8),
(7, 4, '2025-04-09', '+', 8),
(7, 4, '2025-04-11', '+', 8),
(7, 4, '2025-04-13', '-', 8),
(7, 4, '2025-04-15', '+', 8),
(7, 4, '2025-04-17', '+', 8),
(7, 4, '2025-04-19', '+', 8),
(7, 4, '2025-04-21', '+', 8),
(7, 4, '2025-04-23', '+', 8),

(7, 5, '2025-04-06', '+', 8),
(7, 5, '2025-04-08', '-', 8),
(7, 5, '2025-04-10', '+', 8),
(7, 5, '2025-04-12', '+', 8),
(7, 5, '2025-04-14', '+', 8),
(7, 5, '2025-04-16', '+', 8),
(7, 5, '2025-04-18', '+', 8),
(7, 5, '2025-04-20', '+', 8),
(7, 5, '2025-04-22', '+', 8),
(7, 5, '2025-04-24', '+', 8),

(7, 6, '2025-04-07', '+', 8),
(7, 6, '2025-04-09', '+', 8),
(7, 6, '2025-04-11', '+', 8),
(7, 6, '2025-04-13', '-', 8),
(7, 6, '2025-04-15', '+', 8),
(7, 6, '2025-04-17', '+', 8),
(7, 6, '2025-04-19', '+', 8),
(7, 6, '2025-04-21', '+', 8),
(7, 6, '2025-04-23', '-', 8),
(7, 6, '2025-04-25', '+', 8),

(7, 7, '2025-04-08', '+', 8),
(7, 7, '2025-04-10', '+', 8),
(7, 7, '2025-04-12', '+', 8),
(7, 7, '2025-04-14', '-', 8),
(7, 7, '2025-04-16', '+', 8),
(7, 7, '2025-04-18', '+', 8),
(7, 7, '2025-04-20', '+', 8),
(7, 7, '2025-04-22', '+', 8),
(7, 7, '2025-04-24', '+', 8),
(7, 7, '2025-04-26', '+', 8),

(7, 8, '2025-04-09', '+', 8),
(7, 8, '2025-04-11', '+', 8),
(7, 8, '2025-04-13', '+', 8),
(7, 8, '2025-04-15', '+', 8),
(7, 8, '2025-04-17', '+', 8),
(7, 8, '2025-04-19', '+', 8),
(7, 8, '2025-04-21', '-', 8),
(7, 8, '2025-04-23', '+', 8),
(7, 8, '2025-04-25', '+', 8),
(7, 8, '2025-04-27', '+', 8),

(7, 9, '2025-04-10', '+', 8),
(7, 9, '2025-04-12', '-', 8),
(7, 9, '2025-04-14', '+', 8),
(7, 9, '2025-04-16', '+', 8),
(7, 9, '2025-04-18', '+', 8),
(7, 9, '2025-04-20', '+', 8),
(7, 9, '2025-04-22', '+', 8),
(7, 9, '2025-04-24', '+', 8),
(7, 9, '2025-04-26', '+', 8),
(7, 9, '2025-04-28', '+', 8),

(7, 10, '2025-04-11', '+', 8),
(7, 10, '2025-04-13', '+', 8),
(7, 10, '2025-04-15', '-', 8),
(7, 10, '2025-04-17', '+', 8),
(7, 10, '2025-04-19', '+', 8),
(7, 10, '2025-04-21', '+', 8),
(7, 10, '2025-04-23', '+', 8),
(7, 10, '2025-04-25', '+', 8),
(7, 10, '2025-04-27', '+', 8),
(7, 10, '2025-04-29', '+', 8);

-- Посещаемость студента 5
INSERT INTO "Attendances" ("UserId", "SubjectId", "Date", "Status", "Semester")
VALUES
(9, 1, '2025-04-02', '-', 8),
(9, 1, '2025-04-04', '-', 8),
(9, 1, '2025-04-06', '-', 8),
(9, 1, '2025-04-08', '-', 8),
(9, 1, '2025-04-10', '+', 8),
(9, 1, '2025-04-12', '+', 8),
(9, 1, '2025-04-14', '-', 8),
(9, 1, '2025-04-16', '-', 8),
(9, 1, '2025-04-18', '-', 8),
(9, 1, '2025-04-20', '+', 8),

(9, 3, '2025-04-02', '-', 8),
(9, 3, '2025-04-04', '-', 8),
(9, 3, '2025-04-06', '-', 8),
(9, 3, '2025-04-08', '-', 8),
(9, 3, '2025-04-10', '-', 8),
(9, 3, '2025-04-12', '-', 8),
(9, 3, '2025-04-14', '-', 8),
(9, 3, '2025-04-16', '-', 8),
(9, 3, '2025-04-18', '+', 8),
(9, 3, '2025-04-20', '+', 8);

-- Посещаемость студента 7
INSERT INTO "Attendances" ("UserId", "SubjectId", "Date", "Status", "Semester")
VALUES
(11, 1, '2025-04-02', '-', 8),
(11, 1, '2025-04-04', '-', 8),
(11, 1, '2025-04-06', '+', 8),
(11, 1, '2025-04-08', '-', 8),
(11, 1, '2025-04-10', '+', 8),
(11, 1, '2025-04-12', '+', 8),
(11, 1, '2025-04-14', '-', 8),
(11, 1, '2025-04-16', '-', 8),
(11, 1, '2025-04-18', '-', 8),
(11, 1, '2025-04-20', '+', 8),

(11, 3, '2025-04-02', '-', 8),
(11, 3, '2025-04-04', '+', 8),
(11, 3, '2025-04-06', '-', 8),
(11, 3, '2025-04-08', '-', 8),
(11, 3, '2025-04-10', '-', 8),
(11, 3, '2025-04-12', '-', 8),
(11, 3, '2025-04-14', '-', 8),
(11, 3, '2025-04-16', '-', 8),
(11, 3, '2025-04-18', '+', 8),
(11, 3, '2025-04-20', '+', 8);


-- Посещаемость студента 8
INSERT INTO "Attendances" ("UserId", "SubjectId", "Date", "Status", "Semester")
VALUES
(12, 1, '2025-04-02', '-', 8),
(12, 1, '2025-04-04', '-', 8),
(12, 1, '2025-04-06', '-', 8),
(12, 1, '2025-04-08', '-', 8),
(12, 1, '2025-04-10', '-', 8),
(12, 1, '2025-04-12', '-', 8),
(12, 1, '2025-04-14', '-', 8),
(12, 1, '2025-04-16', '-', 8),
(12, 1, '2025-04-18', '-', 8),
(12, 1, '2025-04-20', '+', 8),

(12, 3, '2025-04-02', '-', 8),
(12, 3, '2025-04-04', '+', 8),
(12, 3, '2025-04-06', '-', 8),
(12, 3, '2025-04-08', '-', 8),
(12, 3, '2025-04-10', '-', 8),
(12, 3, '2025-04-12', '-', 8),
(12, 3, '2025-04-14', '-', 8),
(12, 3, '2025-04-16', '+', 8),
(12, 3, '2025-04-18', '+', 8),
(12, 3, '2025-04-20', '+', 8);

-- Посещаемость студента 6
INSERT INTO "Attendances" ("UserId", "SubjectId", "Date", "Status", "Semester")
VALUES
(10, 1, '2025-04-02', '-', 8),
(10, 1, '2025-04-04', '+', 8),
(10, 1, '2025-04-06', '-', 8),
(10, 1, '2025-04-08', '+', 8),
(10, 1, '2025-04-10', '-', 8),
(10, 1, '2025-04-12', '+', 8),
(10, 1, '2025-04-14', '-', 8),
(10, 1, '2025-04-16', '-', 8),
(10, 1, '2025-04-18', '-', 8),
(10, 1, '2025-04-20', '+', 8),

(10, 3, '2025-04-02', '-', 8),
(10, 3, '2025-04-04', '+', 8),
(10, 3, '2025-04-06', '-', 8),
(10, 3, '2025-04-08', '-', 8),
(10, 3, '2025-04-10', '+', 8),
(10, 3, '2025-04-12', '-', 8),
(10, 3, '2025-04-14', '+', 8),
(10, 3, '2025-04-16', '+', 8),
(10, 3, '2025-04-18', '+', 8),
(10, 3, '2025-04-20', '+', 8);

INSERT INTO "ScientificWorks" ("UserId", "NamePublication", "YearPublication", "CategoryPublication", "Link") VALUES
-- Teacher 1
(1, 'Методы машинного обучения в образовании', 2020, 'Журнал', 'https://goo.su/pkKgG7b'),
(1, 'Анализ больших данных студентов', 2021, 'Конференция', 'https://goo.su/pkKgG7b'),
(1, 'Инновации в онлайн-обучении', 2022, 'Монография', 'https://goo.su/pkKgG7b'),
(1, 'Роль AI в преподавании', 2023, 'Журнал', 'https://goo.su/pkKgG7b'),
(1, 'Оценка качества образования', 2024, 'Сборник', 'https://goo.su/pkKgG7b'),
-- Teacher 2
(2, 'Цифровизация вузов', 2019, 'Монография', 'https://goo.su/pkKgG7b'),
(2, 'Big Data в академической среде', 2020, 'Журнал', 'https://goo.su/pkKgG7b'),
(2, 'Разработка адаптивных курсов', 2021, 'Конференция', 'https://goo.su/pkKgG7b'),
(2, 'Анализ посещаемости студентов', 2022, 'Журнал', 'https://goo.su/pkKgG7b'),
(2, 'Электронные образовательные ресурсы', 2023, 'Монография', 'https://goo.su/pkKgG7b'),
-- Teacher 3
(3, 'Интеллектуальные системы поддержки решений', 2018, 'Конференция', 'https://goo.su/pkKgG7b'),
(3, 'Современные LMS-платформы', 2019, 'Журнал', 'https://goo.su/pkKgG7b'),
(3, 'Геймификация учебного процесса', 2020, 'Сборник', 'https://goo.su/pkKgG7b'),
(3, 'Визуализация учебной аналитики', 2021, 'Журнал', 'https://goo.su/pkKgG7b'),
(3, 'Интерактивные технологии в обучении', 2022, 'Конференция', 'https://goo.su/pkKgG7b'),
-- Teacher 4
(4, 'Автоматизация оценки знаний', 2020, 'Монография', 'https://goo.su/pkKgG7b'),
(4, 'Платформы дистанционного обучения', 2021, 'Журнал', 'https://goo.su/pkKgG7b'),
(4, 'Аналитика образовательных данных', 2022, 'Конференция', 'https://goo.su/pkKgG7b'),
(4, 'Использование нейросетей в образовании', 2023, 'Журнал', 'https://goo.su/pkKgG7b'),
(4, 'Рекомендательные системы для студентов', 2025, 'Журнал', 'https://goo.su/pkKgG7b'),
-- Student 1 (UserId = 5)
(5, 'Анализ эффективности онлайн-курсов', 2023, 'Курсовая работа', 'https://goo.su/pkKgG7b'),
(5, 'Сравнение систем управления обучением', 2024, 'Статья', 'https://goo.su/pkKgG7b'),
-- Student 2 (UserId = 6)
(6, 'Применение Python в анализе данных', 2022, 'Курсовая работа', 'https://goo.su/pkKgG7b'),
(6, 'Автоматизация учебного процесса', 2023, 'Статья', 'https://goo.su/pkKgG7b'),
-- Student 3 (UserId = 7)
(7, 'Исследование поведения пользователей LMS', 2023, 'Курсовая работа', 'https://goo.su/pkKgG7b'),
(7, 'Проект мобильного помощника для студентов', 2024, 'Диплом', 'https://goo.su/pkKgG7b'),
-- Student 4 (UserId = 8)
(8, 'Прогнозирование успеваемости студентов', 2022, 'Статья', 'https://goo.su/pkKgG7b'),
(8, 'Обзор методов анализа данных в образовании', 2023, 'Курсовая работа', 'https://goo.su/pkKgG7b'),
-- Student 5 (UserId = 9)
(9, 'Создание панели аналитики посещаемости', 2023, 'Курсовая работа', 'https://goo.su/pkKgG7b'),
(9, 'Применение SQL в образовательных проектах', 2024, 'Статья', 'https://goo.su/pkKgG7b'),
-- Student 6 (UserId = 10)
(10, 'Визуализация данных по предметам', 2022, 'Курсовая работа', 'https://goo.su/pkKgG7b'),
(10, 'Разработка системы учёта оценок', 2023, 'Диплом', 'https://goo.su/pkKgG7b'),
-- Student 7 (UserId = 11)
(11, 'Моделирование расписания занятий', 2023, 'Курсовая работа', 'https://goo.su/pkKgG7b'),
(11, 'Облачные решения для вузов', 2024, 'Статья', 'https://goo.su/pkKgG7b'),
-- Student 8 (UserId = 12)
(12, 'Изучение поведения студентов на лекциях', 2022, 'Статья', 'https://goo.su/pkKgG7b'),
(12, 'Автоматизация регистрации посещаемости', 2023, 'Курсовая работа', 'https://goo.su/pkKgG7b'),
-- Student 9 (UserId = 13)
(13, 'Применение Power BI в образовании', 2023, 'Курсовая работа', 'https://goo.su/pkKgG7b'),
(13, 'Анализ пользовательского опыта студентов', 2024, 'Статья', 'https://goo.su/pkKgG7b'),
-- Student 10 (UserId = 14)
(14, 'Разработка чат-бота для поддержки студентов', 2022, 'Диплом', 'https://goo.su/pkKgG7b'),
(14, 'Оценка вовлечённости студентов', 2023, 'Курсовая работа', 'https://goo.su/pkKgG7b');

